https://image.baidu.com/search/avatarjson?tn=baiduimage&ipn=r&ct=201326592&cl=2&lm=-1&st=-1&fm=result&fr=&sf=1&fmq=1488547724906_R&pv=&ic=0&nc=1&z=&se=1&showtab=0&fb=0&width=&height=&face=0&istype=2&ie=utf-8&ctd=1488547724907^00_1002X1024&rn=200&pn=0&word=animal,https://image.baidu.com/search/avatarjson?tn=baiduimage&ipn=r&ct=201326592&cl=2&lm=-1&st=-1&fm=result&fr=&sf=1&fmq=1488547724906_R&pv=&ic=0&nc=1&z=&se=1&showtab=0&fb=0&width=&height=&face=0&istype=2&ie=utf-8&ctd=1488547724907^00_1002X1024&rn=200&pn=0&word=animal/5241b5c62f3f1ea4770138a3b6a44b5bcbf54ba5.jpg,http://cdn.duitang.com/uploads/item/201112/01/20111201083737_yZniz.thumb.600_0.jpg
https://image.baidu.com/search/avatarjson?tn=baiduimage&ipn=r&ct=201326592&cl=2&lm=-1&st=-1&fm=result&fr=&sf=1&fmq=1488547724906_R&pv=&ic=0&nc=1&z=&se=1&showtab=0&fb=0&width=&height=&face=0&istype=2&ie=utf-8&ctd=1488547724907^00_1002X1024&rn=200&pn=0&word=animal,https://image.baidu.com/search/avatarjson?tn=baiduimage&ipn=r&ct=201326592&cl=2&lm=-1&st=-1&fm=result&fr=&sf=1&fmq=1488547724906_R&pv=&ic=0&nc=1&z=&se=1&showtab=0&fb=0&width=&height=&face=0&istype=2&ie=utf-8&ctd=1488547724907^00_1002X1024&rn=200&pn=0&word=animal/80445463ff58a9c1d6890e94384fcd1d7a084950.jpg,http://i0.hdslb.com/group1/M00/63/66/oYYBAFbWgpWAFU2RAAI1OCyHVhQ682.jpg
https://image.baidu.com/search/avatarjson?tn=baiduimage&ipn=r&ct=201326592&cl=2&lm=-1&st=-1&fm=result&fr=&sf=1&fmq=1488547724906_R&pv=&ic=0&nc=1&z=&se=1&showtab=0&fb=0&width=&height=&face=0&istype=2&ie=utf-8&ctd=1488547724907^00_1002X1024&rn=200&pn=0&word=animal,https://image.baidu.com/search/avatarjson?tn=baiduimage&ipn=r&ct=201326592&cl=2&lm=-1&st=-1&fm=result&fr=&sf=1&fmq=1488547724906_R&pv=&ic=0&nc=1&z=&se=1&showtab=0&fb=0&width=&height=&face=0&istype=2&ie=utf-8&ctd=1488547724907^00_1002X1024&rn=200&pn=0&word=animal/89e976587536852be604a829779c6e38b81745e1.jpg,http://img11.360buyimg.com/n0/jfs/t2188/178/855423381/31556/4f5d82ed/563195fcN1ec3f9d8.jpg
https://image.baidu.com/search/avatarjson?tn=baiduimage&ipn=r&ct=201326592&cl=2&lm=-1&st=-1&fm=result&fr=&sf=1&fmq=1488547724906_R&pv=&ic=0&nc=1&z=&se=1&showtab=0&fb=0&width=&height=&face=0&istype=2&ie=utf-8&ctd=1488547724907^00_1002X1024&rn=200&pn=0&word=animal,https://image.baidu.com/search/avatarjson?tn=baiduimage&ipn=r&ct=201326592&cl=2&lm=-1&st=-1&fm=result&fr=&sf=1&fmq=1488547724906_R&pv=&ic=0&nc=1&z=&se=1&showtab=0&fb=0&width=&height=&face=0&istype=2&ie=utf-8&ctd=1488547724907^00_1002X1024&rn=200&pn=0&word=animal/4ee9e3e34e3749d06640cdcaa314778cdc8e905c.jpg,http://ec4.images-amazon.com/images/I/61lJD-Q7O7L._SL1429_.jpg
https://image.baidu.com/search/avatarjson?tn=baiduimage&ipn=r&ct=201326592&cl=2&lm=-1&st=-1&fm=result&fr=&sf=1&fmq=1488547724906_R&pv=&ic=0&nc=1&z=&se=1&showtab=0&fb=0&width=&height=&face=0&istype=2&ie=utf-8&ctd=1488547724907^00_1002X1024&rn=200&pn=0&word=animal,https://image.baidu.com/search/avatarjson?tn=baiduimage&ipn=r&ct=201326592&cl=2&lm=-1&st=-1&fm=result&fr=&sf=1&fmq=1488547724906_R&pv=&ic=0&nc=1&z=&se=1&showtab=0&fb=0&width=&height=&face=0&istype=2&ie=utf-8&ctd=1488547724907^00_1002X1024&rn=200&pn=0&word=animal/c7ac2978f2660953816738a3907059e87a522d54.jpg,http://img39.ddimg.cn/70/2/20327839-1_o.jpg
https://image.baidu.com/search/avatarjson?tn=baiduimage&ipn=r&ct=201326592&cl=2&lm=-1&st=-1&fm=result&fr=&sf=1&fmq=1488547724906_R&pv=&ic=0&nc=1&z=&se=1&showtab=0&fb=0&width=&height=&face=0&istype=2&ie=utf-8&ctd=1488547724907^00_1002X1024&rn=200&pn=0&word=animal,https://image.baidu.com/search/avatarjson?tn=baiduimage&ipn=r&ct=201326592&cl=2&lm=-1&st=-1&fm=result&fr=&sf=1&fmq=1488547724906_R&pv=&ic=0&nc=1&z=&se=1&showtab=0&fb=0&width=&height=&face=0&istype=2&ie=utf-8&ctd=1488547724907^00_1002X1024&rn=200&pn=0&word=animal/99e5711fb8bd68a3e406d97397d983b8df9449b9.jpg,http://img.25pp.com/uploadfile/soft/images/2014/1203/20141203045613904.jpg
https://image.baidu.com/search/avatarjson?tn=baiduimage&ipn=r&ct=201326592&cl=2&lm=-1&st=-1&fm=result&fr=&sf=1&fmq=1488547724906_R&pv=&ic=0&nc=1&z=&se=1&showtab=0&fb=0&width=&height=&face=0&istype=2&ie=utf-8&ctd=1488547724907^00_1002X1024&rn=200&pn=0&word=animal,https://image.baidu.com/search/avatarjson?tn=baiduimage&ipn=r&ct=201326592&cl=2&lm=-1&st=-1&fm=result&fr=&sf=1&fmq=1488547724906_R&pv=&ic=0&nc=1&z=&se=1&showtab=0&fb=0&width=&height=&face=0&istype=2&ie=utf-8&ctd=1488547724907^00_1002X1024&rn=200&pn=0&word=animal/25ac2d8343a2560623ac18d355b2741a8f39021c.jpg,http://s4.ppsimg.com/ugc/ugc_pic/0/42/0683fafce33f742a80e40e1d5cf9c532c51b32f2/480_360_pps-001.jpg
https://image.baidu.com/search/avatarjson?tn=baiduimage&ipn=r&ct=201326592&cl=2&lm=-1&st=-1&fm=result&fr=&sf=1&fmq=1488547724906_R&pv=&ic=0&nc=1&z=&se=1&showtab=0&fb=0&width=&height=&face=0&istype=2&ie=utf-8&ctd=1488547724907^00_1002X1024&rn=200&pn=0&word=animal,https://image.baidu.com/search/avatarjson?tn=baiduimage&ipn=r&ct=201326592&cl=2&lm=-1&st=-1&fm=result&fr=&sf=1&fmq=1488547724906_R&pv=&ic=0&nc=1&z=&se=1&showtab=0&fb=0&width=&height=&face=0&istype=2&ie=utf-8&ctd=1488547724907^00_1002X1024&rn=200&pn=0&word=animal/db9a21a0184adfe4c9ae0a37549cb09cb1946148.jpg,http://p2.xyzs.com/app/15/5e/727699842/97b5d0b820e460dfb4d01237d628e1f6_ii1.jpg?v=ipad
https://image.baidu.com/search/avatarjson?tn=baiduimage&ipn=r&ct=201326592&cl=2&lm=-1&st=-1&fm=result&fr=&sf=1&fmq=1488547724906_R&pv=&ic=0&nc=1&z=&se=1&showtab=0&fb=0&width=&height=&face=0&istype=2&ie=utf-8&ctd=1488547724907^00_1002X1024&rn=200&pn=0&word=animal,https://image.baidu.com/search/avatarjson?tn=baiduimage&ipn=r&ct=201326592&cl=2&lm=-1&st=-1&fm=result&fr=&sf=1&fmq=1488547724906_R&pv=&ic=0&nc=1&z=&se=1&showtab=0&fb=0&width=&height=&face=0&istype=2&ie=utf-8&ctd=1488547724907^00_1002X1024&rn=200&pn=0&word=animal/c7e4038c012adecc86095d2abb478b59b2cab42d.jpg,http://i.i-lewan.com/blog/2015/04/204.jpg
https://image.baidu.com/search/avatarjson?tn=baiduimage&ipn=r&ct=201326592&cl=2&lm=-1&st=-1&fm=result&fr=&sf=1&fmq=1488547724906_R&pv=&ic=0&nc=1&z=&se=1&showtab=0&fb=0&width=&height=&face=0&istype=2&ie=utf-8&ctd=1488547724907^00_1002X1024&rn=200&pn=0&word=animal,https://image.baidu.com/search/avatarjson?tn=baiduimage&ipn=r&ct=201326592&cl=2&lm=-1&st=-1&fm=result&fr=&sf=1&fmq=1488547724906_R&pv=&ic=0&nc=1&z=&se=1&showtab=0&fb=0&width=&height=&face=0&istype=2&ie=utf-8&ctd=1488547724907^00_1002X1024&rn=200&pn=0&word=animal/31679779c2c7ee3323caf817fe112e1c11dd6960.jpg,http://d10.yihaodianimg.com/N03/M00/5E/B2/CgQCs1MEULWADmFcAACtNqgQbn896400_320x320.jpg
https://image.baidu.com/search/avatarjson?tn=baiduimage&ipn=r&ct=201326592&cl=2&lm=-1&st=-1&fm=result&fr=&sf=1&fmq=1488547724906_R&pv=&ic=0&nc=1&z=&se=1&showtab=0&fb=0&width=&height=&face=0&istype=2&ie=utf-8&ctd=1488547724907^00_1002X1024&rn=200&pn=0&word=animal,https://image.baidu.com/search/avatarjson?tn=baiduimage&ipn=r&ct=201326592&cl=2&lm=-1&st=-1&fm=result&fr=&sf=1&fmq=1488547724906_R&pv=&ic=0&nc=1&z=&se=1&showtab=0&fb=0&width=&height=&face=0&istype=2&ie=utf-8&ctd=1488547724907^00_1002X1024&rn=200&pn=0&word=animal/c05879cf4643a4456409e9bd2248aea4105bc2b9.jpg,http://img2.everychina.com/img/c8/a5/1f8bf96c91c26085741407e2b418-600x400c1-0bed/wooden_animal_puzzle_game_toys.jpg
https://image.baidu.com/search/avatarjson?tn=baiduimage&ipn=r&ct=201326592&cl=2&lm=-1&st=-1&fm=result&fr=&sf=1&fmq=1488547724906_R&pv=&ic=0&nc=1&z=&se=1&showtab=0&fb=0&width=&height=&face=0&istype=2&ie=utf-8&ctd=1488547724907^00_1002X1024&rn=200&pn=0&word=animal,https://image.baidu.com/search/avatarjson?tn=baiduimage&ipn=r&ct=201326592&cl=2&lm=-1&st=-1&fm=result&fr=&sf=1&fmq=1488547724906_R&pv=&ic=0&nc=1&z=&se=1&showtab=0&fb=0&width=&height=&face=0&istype=2&ie=utf-8&ctd=1488547724907^00_1002X1024&rn=200&pn=0&word=animal/c36650b1eeb668d8b95bcd20b03d34b12d3dcc62.jpg,http://img.zgtuku.com/images/front/v/81/91/22841165077.jpg
https://image.baidu.com/search/avatarjson?tn=baiduimage&ipn=r&ct=201326592&cl=2&lm=-1&st=-1&fm=result&fr=&sf=1&fmq=1488547724906_R&pv=&ic=0&nc=1&z=&se=1&showtab=0&fb=0&width=&height=&face=0&istype=2&ie=utf-8&ctd=1488547724907^00_1002X1024&rn=200&pn=0&word=animal,https://image.baidu.com/search/avatarjson?tn=baiduimage&ipn=r&ct=201326592&cl=2&lm=-1&st=-1&fm=result&fr=&sf=1&fmq=1488547724906_R&pv=&ic=0&nc=1&z=&se=1&showtab=0&fb=0&width=&height=&face=0&istype=2&ie=utf-8&ctd=1488547724907^00_1002X1024&rn=200&pn=0&word=animal/dc80f065f7b76ab4cc60cf9359bb747a4e6a8aef.jpg,http://a3.mzstatic.com/us/r30/Purple4/v4/3f/52/5f/3f525f15-36b6-1095-a6be-e297a65a94a4/screen480x480.jpeg
https://image.baidu.com/search/avatarjson?tn=baiduimage&ipn=r&ct=201326592&cl=2&lm=-1&st=-1&fm=result&fr=&sf=1&fmq=1488547724906_R&pv=&ic=0&nc=1&z=&se=1&showtab=0&fb=0&width=&height=&face=0&istype=2&ie=utf-8&ctd=1488547724907^00_1002X1024&rn=200&pn=0&word=animal,https://image.baidu.com/search/avatarjson?tn=baiduimage&ipn=r&ct=201326592&cl=2&lm=-1&st=-1&fm=result&fr=&sf=1&fmq=1488547724906_R&pv=&ic=0&nc=1&z=&se=1&showtab=0&fb=0&width=&height=&face=0&istype=2&ie=utf-8&ctd=1488547724907^00_1002X1024&rn=200&pn=0&word=animal/b329fbea60e070568ff1b16103704dd68e6b8449.jpg,http://www.kfzimg.com/W03/72/e8/72e867a7a8ed3fc335b3c2013d580fc7_b.jpg
https://image.baidu.com/search/avatarjson?tn=baiduimage&ipn=r&ct=201326592&cl=2&lm=-1&st=-1&fm=result&fr=&sf=1&fmq=1488547724906_R&pv=&ic=0&nc=1&z=&se=1&showtab=0&fb=0&width=&height=&face=0&istype=2&ie=utf-8&ctd=1488547724907^00_1002X1024&rn=200&pn=0&word=animal,https://image.baidu.com/search/avatarjson?tn=baiduimage&ipn=r&ct=201326592&cl=2&lm=-1&st=-1&fm=result&fr=&sf=1&fmq=1488547724906_R&pv=&ic=0&nc=1&z=&se=1&showtab=0&fb=0&width=&height=&face=0&istype=2&ie=utf-8&ctd=1488547724907^00_1002X1024&rn=200&pn=0&word=animal/98a05d708ea18965dc2f4ea0f819200e902de20e.jpg,http://ym.zdmimg.com/201503/28/55161f6df098a163.jpg_e600.jpg
https://image.baidu.com/search/avatarjson?tn=baiduimage&ipn=r&ct=201326592&cl=2&lm=-1&st=-1&fm=result&fr=&sf=1&fmq=1488547724906_R&pv=&ic=0&nc=1&z=&se=1&showtab=0&fb=0&width=&height=&face=0&istype=2&ie=utf-8&ctd=1488547724907^00_1002X1024&rn=200&pn=0&word=animal,https://image.baidu.com/search/avatarjson?tn=baiduimage&ipn=r&ct=201326592&cl=2&lm=-1&st=-1&fm=result&fr=&sf=1&fmq=1488547724906_R&pv=&ic=0&nc=1&z=&se=1&showtab=0&fb=0&width=&height=&face=0&istype=2&ie=utf-8&ctd=1488547724907^00_1002X1024&rn=200&pn=0&word=animal/91dc4772e43013229ef2f910970748fedfe4b804.jpg,http://image.made-in-china.com/2f0j00LMctWyVzbdgu/Handmade-2014-New-Abastract-Artworks-Wild-Animal-Zebra-Oil-Painting-on-Canvas-Hot-Sale.jpg
https://image.baidu.com/search/avatarjson?tn=baiduimage&ipn=r&ct=201326592&cl=2&lm=-1&st=-1&fm=result&fr=&sf=1&fmq=1488547724906_R&pv=&ic=0&nc=1&z=&se=1&showtab=0&fb=0&width=&height=&face=0&istype=2&ie=utf-8&ctd=1488547724907^00_1002X1024&rn=200&pn=0&word=animal,https://image.baidu.com/search/avatarjson?tn=baiduimage&ipn=r&ct=201326592&cl=2&lm=-1&st=-1&fm=result&fr=&sf=1&fmq=1488547724906_R&pv=&ic=0&nc=1&z=&se=1&showtab=0&fb=0&width=&height=&face=0&istype=2&ie=utf-8&ctd=1488547724907^00_1002X1024&rn=200&pn=0&word=animal/8e030ae974cd90c53dafd8885d8d54c19186eed6.jpg,http://c11.eoemarket.com/app0/478/478508/screen/2521401.png
https://image.baidu.com/search/avatarjson?tn=baiduimage&ipn=r&ct=201326592&cl=2&lm=-1&st=-1&fm=result&fr=&sf=1&fmq=1488547724906_R&pv=&ic=0&nc=1&z=&se=1&showtab=0&fb=0&width=&height=&face=0&istype=2&ie=utf-8&ctd=1488547724907^00_1002X1024&rn=200&pn=0&word=animal,https://image.baidu.com/search/avatarjson?tn=baiduimage&ipn=r&ct=201326592&cl=2&lm=-1&st=-1&fm=result&fr=&sf=1&fmq=1488547724906_R&pv=&ic=0&nc=1&z=&se=1&showtab=0&fb=0&width=&height=&face=0&istype=2&ie=utf-8&ctd=1488547724907^00_1002X1024&rn=200&pn=0&word=animal/48829ff86f771724b330250fe7bfbc46c2486687.jpg,http://a4.mzstatic.com/us/r30/Purple6/v4/07/91/56/07915674-4a54-a98a-7e5d-05134ecd78d1/screen1024x1024.jpeg
https://image.baidu.com/search/avatarjson?tn=baiduimage&ipn=r&ct=201326592&cl=2&lm=-1&st=-1&fm=result&fr=&sf=1&fmq=1488547724906_R&pv=&ic=0&nc=1&z=&se=1&showtab=0&fb=0&width=&height=&face=0&istype=2&ie=utf-8&ctd=1488547724907^00_1002X1024&rn=200&pn=0&word=animal,https://image.baidu.com/search/avatarjson?tn=baiduimage&ipn=r&ct=201326592&cl=2&lm=-1&st=-1&fm=result&fr=&sf=1&fmq=1488547724906_R&pv=&ic=0&nc=1&z=&se=1&showtab=0&fb=0&width=&height=&face=0&istype=2&ie=utf-8&ctd=1488547724907^00_1002X1024&rn=200&pn=0&word=animal/9b19e7ce218729dbb741961f8f594ca79bd4ab90.jpg,http://p6.qhimg.com/t01d69aa9fdcf439b87.png
https://image.baidu.com/search/avatarjson?tn=baiduimage&ipn=r&ct=201326592&cl=2&lm=-1&st=-1&fm=result&fr=&sf=1&fmq=1488547724906_R&pv=&ic=0&nc=1&z=&se=1&showtab=0&fb=0&width=&height=&face=0&istype=2&ie=utf-8&ctd=1488547724907^00_1002X1024&rn=200&pn=0&word=animal,https://image.baidu.com/search/avatarjson?tn=baiduimage&ipn=r&ct=201326592&cl=2&lm=-1&st=-1&fm=result&fr=&sf=1&fmq=1488547724906_R&pv=&ic=0&nc=1&z=&se=1&showtab=0&fb=0&width=&height=&face=0&istype=2&ie=utf-8&ctd=1488547724907^00_1002X1024&rn=200&pn=0&word=animal/a81e24d08266fb65f9f9c5c7afa3b0d2e0ec0c72.jpg,http://img.frbiz.com/nimg/12/ff/6858e6503a35d6d716a4b5a07390-0x0-1/animal_with_wheat_bag_7.jpg
https://image.baidu.com/search/avatarjson?tn=baiduimage&ipn=r&ct=201326592&cl=2&lm=-1&st=-1&fm=result&fr=&sf=1&fmq=1488547724906_R&pv=&ic=0&nc=1&z=&se=1&showtab=0&fb=0&width=&height=&face=0&istype=2&ie=utf-8&ctd=1488547724907^00_1002X1024&rn=200&pn=0&word=animal,https://image.baidu.com/search/avatarjson?tn=baiduimage&ipn=r&ct=201326592&cl=2&lm=-1&st=-1&fm=result&fr=&sf=1&fmq=1488547724906_R&pv=&ic=0&nc=1&z=&se=1&showtab=0&fb=0&width=&height=&face=0&istype=2&ie=utf-8&ctd=1488547724907^00_1002X1024&rn=200&pn=0&word=animal/1255a96f4f8d383e2c4ff037c3ea976630b0b83f.jpg,http://www.studentart.com.cn/attachment/201110/31/11072_13200377976e3q.jpg.thumbs3.jpg
https://image.baidu.com/search/avatarjson?tn=baiduimage&ipn=r&ct=201326592&cl=2&lm=-1&st=-1&fm=result&fr=&sf=1&fmq=1488547724906_R&pv=&ic=0&nc=1&z=&se=1&showtab=0&fb=0&width=&height=&face=0&istype=2&ie=utf-8&ctd=1488547724907^00_1002X1024&rn=200&pn=0&word=animal,https://image.baidu.com/search/avatarjson?tn=baiduimage&ipn=r&ct=201326592&cl=2&lm=-1&st=-1&fm=result&fr=&sf=1&fmq=1488547724906_R&pv=&ic=0&nc=1&z=&se=1&showtab=0&fb=0&width=&height=&face=0&istype=2&ie=utf-8&ctd=1488547724907^00_1002X1024&rn=200&pn=0&word=animal/1d2ebe320de1dcebf712283e4e0fcddc1ec1c700.jpg,http://farm5.staticflickr.com/4110/5041572197_ff7d451747.jpg
https://image.baidu.com/search/avatarjson?tn=baiduimage&ipn=r&ct=201326592&cl=2&lm=-1&st=-1&fm=result&fr=&sf=1&fmq=1488547724906_R&pv=&ic=0&nc=1&z=&se=1&showtab=0&fb=0&width=&height=&face=0&istype=2&ie=utf-8&ctd=1488547724907^00_1002X1024&rn=200&pn=0&word=animal,https://image.baidu.com/search/avatarjson?tn=baiduimage&ipn=r&ct=201326592&cl=2&lm=-1&st=-1&fm=result&fr=&sf=1&fmq=1488547724906_R&pv=&ic=0&nc=1&z=&se=1&showtab=0&fb=0&width=&height=&face=0&istype=2&ie=utf-8&ctd=1488547724907^00_1002X1024&rn=200&pn=0&word=animal/9fe6a4d847ed65e748cb8be434b1c586cddaf986.jpg,http://img.zcool.cn/community/012fa8573441b56ac7252631993038.jpg@900w_1l_2o_100sh.jpg
https://image.baidu.com/search/avatarjson?tn=baiduimage&ipn=r&ct=201326592&cl=2&lm=-1&st=-1&fm=result&fr=&sf=1&fmq=1488547724906_R&pv=&ic=0&nc=1&z=&se=1&showtab=0&fb=0&width=&height=&face=0&istype=2&ie=utf-8&ctd=1488547724907^00_1002X1024&rn=200&pn=0&word=animal,https://image.baidu.com/search/avatarjson?tn=baiduimage&ipn=r&ct=201326592&cl=2&lm=-1&st=-1&fm=result&fr=&sf=1&fmq=1488547724906_R&pv=&ic=0&nc=1&z=&se=1&showtab=0&fb=0&width=&height=&face=0&istype=2&ie=utf-8&ctd=1488547724907^00_1002X1024&rn=200&pn=0&word=animal/60822628a08af9a25ced09a152201b465ff1a147.jpg,http://pic3.zhongsou.com/image/3802f73486e56085755.jpg
https://image.baidu.com/search/avatarjson?tn=baiduimage&ipn=r&ct=201326592&cl=2&lm=-1&st=-1&fm=result&fr=&sf=1&fmq=1488547724906_R&pv=&ic=0&nc=1&z=&se=1&showtab=0&fb=0&width=&height=&face=0&istype=2&ie=utf-8&ctd=1488547724907^00_1002X1024&rn=200&pn=0&word=animal,https://image.baidu.com/search/avatarjson?tn=baiduimage&ipn=r&ct=201326592&cl=2&lm=-1&st=-1&fm=result&fr=&sf=1&fmq=1488547724906_R&pv=&ic=0&nc=1&z=&se=1&showtab=0&fb=0&width=&height=&face=0&istype=2&ie=utf-8&ctd=1488547724907^00_1002X1024&rn=200&pn=0&word=animal/27e3e752912435e8e0f68c7502aad72b66417a4b.jpg,http://p3.music.126.net/GfsBiuEfbbezcW-lNHOKaw==/555253372048054.jpg
https://image.baidu.com/search/avatarjson?tn=baiduimage&ipn=r&ct=201326592&cl=2&lm=-1&st=-1&fm=result&fr=&sf=1&fmq=1488547724906_R&pv=&ic=0&nc=1&z=&se=1&showtab=0&fb=0&width=&height=&face=0&istype=2&ie=utf-8&ctd=1488547724907^00_1002X1024&rn=200&pn=0&word=animal,https://image.baidu.com/search/avatarjson?tn=baiduimage&ipn=r&ct=201326592&cl=2&lm=-1&st=-1&fm=result&fr=&sf=1&fmq=1488547724906_R&pv=&ic=0&nc=1&z=&se=1&showtab=0&fb=0&width=&height=&face=0&istype=2&ie=utf-8&ctd=1488547724907^00_1002X1024&rn=200&pn=0&word=animal/dbebd1fee7094bd6226338301aa2f3eded25433a.jpg,http://s10.sinaimg.cn/mw690/552ed334g7b99f43574c9&690
https://image.baidu.com/search/avatarjson?tn=baiduimage&ipn=r&ct=201326592&cl=2&lm=-1&st=-1&fm=result&fr=&sf=1&fmq=1488547724906_R&pv=&ic=0&nc=1&z=&se=1&showtab=0&fb=0&width=&height=&face=0&istype=2&ie=utf-8&ctd=1488547724907^00_1002X1024&rn=200&pn=0&word=animal,https://image.baidu.com/search/avatarjson?tn=baiduimage&ipn=r&ct=201326592&cl=2&lm=-1&st=-1&fm=result&fr=&sf=1&fmq=1488547724906_R&pv=&ic=0&nc=1&z=&se=1&showtab=0&fb=0&width=&height=&face=0&istype=2&ie=utf-8&ctd=1488547724907^00_1002X1024&rn=200&pn=0&word=animal/8b23f25d4635cbb3eceaa49aa1211e40bb3e6d31.jpg,http://www.htselling.com/img/bfm/ft/10296bfm.jpg
https://image.baidu.com/search/avatarjson?tn=baiduimage&ipn=r&ct=201326592&cl=2&lm=-1&st=-1&fm=result&fr=&sf=1&fmq=1488547724906_R&pv=&ic=0&nc=1&z=&se=1&showtab=0&fb=0&width=&height=&face=0&istype=2&ie=utf-8&ctd=1488547724907^00_1002X1024&rn=200&pn=0&word=animal,https://image.baidu.com/search/avatarjson?tn=baiduimage&ipn=r&ct=201326592&cl=2&lm=-1&st=-1&fm=result&fr=&sf=1&fmq=1488547724906_R&pv=&ic=0&nc=1&z=&se=1&showtab=0&fb=0&width=&height=&face=0&istype=2&ie=utf-8&ctd=1488547724907^00_1002X1024&rn=200&pn=0&word=animal/dfff682185b10b9d45945f33a77449eb3b93b7f1.jpg,http://image.game.uc.cn/2017/2/8/15886326_.jpg
https://image.baidu.com/search/avatarjson?tn=baiduimage&ipn=r&ct=201326592&cl=2&lm=-1&st=-1&fm=result&fr=&sf=1&fmq=1488547724906_R&pv=&ic=0&nc=1&z=&se=1&showtab=0&fb=0&width=&height=&face=0&istype=2&ie=utf-8&ctd=1488547724907^00_1002X1024&rn=200&pn=0&word=animal,https://image.baidu.com/search/avatarjson?tn=baiduimage&ipn=r&ct=201326592&cl=2&lm=-1&st=-1&fm=result&fr=&sf=1&fmq=1488547724906_R&pv=&ic=0&nc=1&z=&se=1&showtab=0&fb=0&width=&height=&face=0&istype=2&ie=utf-8&ctd=1488547724907^00_1002X1024&rn=200&pn=0&word=animal/5760c7322a44e8787e430c67f9e45e8508fa554c.jpg,http://www.toysandco.com/media/products/large/DEP00003-L.jpg
https://image.baidu.com/search/avatarjson?tn=baiduimage&ipn=r&ct=201326592&cl=2&lm=-1&st=-1&fm=result&fr=&sf=1&fmq=1488547724906_R&pv=&ic=0&nc=1&z=&se=1&showtab=0&fb=0&width=&height=&face=0&istype=2&ie=utf-8&ctd=1488547724907^00_1002X1024&rn=200&pn=0&word=animal,https://image.baidu.com/search/avatarjson?tn=baiduimage&ipn=r&ct=201326592&cl=2&lm=-1&st=-1&fm=result&fr=&sf=1&fmq=1488547724906_R&pv=&ic=0&nc=1&z=&se=1&showtab=0&fb=0&width=&height=&face=0&istype=2&ie=utf-8&ctd=1488547724907^00_1002X1024&rn=200&pn=0&word=animal/c2ff16908c44c8b5468e7c574caf76a4d0e99260.jpg,http://img.25pp.com/uploadfile/app/capture/iphone5/20151204/1449174848354297.jpeg
https://image.baidu.com/search/avatarjson?tn=baiduimage&ipn=r&ct=201326592&cl=2&lm=-1&st=-1&fm=result&fr=&sf=1&fmq=1488547724906_R&pv=&ic=0&nc=1&z=&se=1&showtab=0&fb=0&width=&height=&face=0&istype=2&ie=utf-8&ctd=1488547724907^00_1002X1024&rn=200&pn=0&word=animal,https://image.baidu.com/search/avatarjson?tn=baiduimage&ipn=r&ct=201326592&cl=2&lm=-1&st=-1&fm=result&fr=&sf=1&fmq=1488547724906_R&pv=&ic=0&nc=1&z=&se=1&showtab=0&fb=0&width=&height=&face=0&istype=2&ie=utf-8&ctd=1488547724907^00_1002X1024&rn=200&pn=0&word=animal/6c11d99a66a39bab0081ea458f9f86775121057b.jpg,http://www.gbzoo.com/Portals/0/Images/Keepers_20130509_224%20cropped.jpg
https://image.baidu.com/search/avatarjson?tn=baiduimage&ipn=r&ct=201326592&cl=2&lm=-1&st=-1&fm=result&fr=&sf=1&fmq=1488547724906_R&pv=&ic=0&nc=1&z=&se=1&showtab=0&fb=0&width=&height=&face=0&istype=2&ie=utf-8&ctd=1488547724907^00_1002X1024&rn=200&pn=0&word=animal,https://image.baidu.com/search/avatarjson?tn=baiduimage&ipn=r&ct=201326592&cl=2&lm=-1&st=-1&fm=result&fr=&sf=1&fmq=1488547724906_R&pv=&ic=0&nc=1&z=&se=1&showtab=0&fb=0&width=&height=&face=0&istype=2&ie=utf-8&ctd=1488547724907^00_1002X1024&rn=200&pn=0&word=animal/af8238078616d66aeda8146b4096a0aa1d34fd5e.jpg,http://cdn.duitang.com/uploads/blog/201405/04/20140504162345_HeRra.jpeg
https://image.baidu.com/search/avatarjson?tn=baiduimage&ipn=r&ct=201326592&cl=2&lm=-1&st=-1&fm=result&fr=&sf=1&fmq=1488547724906_R&pv=&ic=0&nc=1&z=&se=1&showtab=0&fb=0&width=&height=&face=0&istype=2&ie=utf-8&ctd=1488547724907^00_1002X1024&rn=200&pn=0&word=animal,https://image.baidu.com/search/avatarjson?tn=baiduimage&ipn=r&ct=201326592&cl=2&lm=-1&st=-1&fm=result&fr=&sf=1&fmq=1488547724906_R&pv=&ic=0&nc=1&z=&se=1&showtab=0&fb=0&width=&height=&face=0&istype=2&ie=utf-8&ctd=1488547724907^00_1002X1024&rn=200&pn=0&word=animal/c340e304fd7ceff031dbd9247090288bb57c5b04.jpg,http://img11.360buyimg.com/n0/jfs/t355/151/1647686773/46783/b7c4c4c8/543f00b8Nad0a910f.jpg
https://image.baidu.com/search/avatarjson?tn=baiduimage&ipn=r&ct=201326592&cl=2&lm=-1&st=-1&fm=result&fr=&sf=1&fmq=1488547724906_R&pv=&ic=0&nc=1&z=&se=1&showtab=0&fb=0&width=&height=&face=0&istype=2&ie=utf-8&ctd=1488547724907^00_1002X1024&rn=200&pn=0&word=animal,https://image.baidu.com/search/avatarjson?tn=baiduimage&ipn=r&ct=201326592&cl=2&lm=-1&st=-1&fm=result&fr=&sf=1&fmq=1488547724906_R&pv=&ic=0&nc=1&z=&se=1&showtab=0&fb=0&width=&height=&face=0&istype=2&ie=utf-8&ctd=1488547724907^00_1002X1024&rn=200&pn=0&word=animal/f2d2b154089a8757324f4aa4fb0786c67035d8ea.jpg,http://cdn9.staztic.com/app/a/6113/6113708/wild-animal-puzzle-for-kids-1-9-s-307x512.jpg
https://image.baidu.com/search/avatarjson?tn=baiduimage&ipn=r&ct=201326592&cl=2&lm=-1&st=-1&fm=result&fr=&sf=1&fmq=1488547724906_R&pv=&ic=0&nc=1&z=&se=1&showtab=0&fb=0&width=&height=&face=0&istype=2&ie=utf-8&ctd=1488547724907^00_1002X1024&rn=200&pn=0&word=animal,https://image.baidu.com/search/avatarjson?tn=baiduimage&ipn=r&ct=201326592&cl=2&lm=-1&st=-1&fm=result&fr=&sf=1&fmq=1488547724906_R&pv=&ic=0&nc=1&z=&se=1&showtab=0&fb=0&width=&height=&face=0&istype=2&ie=utf-8&ctd=1488547724907^00_1002X1024&rn=200&pn=0&word=animal/c44f2bd8bbf1e809976f3334b0fd74675ee32969.jpg,http://www.toysandco.com/media/products/large/TY10037-L.jpg
https://image.baidu.com/search/avatarjson?tn=baiduimage&ipn=r&ct=201326592&cl=2&lm=-1&st=-1&fm=result&fr=&sf=1&fmq=1488547724906_R&pv=&ic=0&nc=1&z=&se=1&showtab=0&fb=0&width=&height=&face=0&istype=2&ie=utf-8&ctd=1488547724907^00_1002X1024&rn=200&pn=0&word=animal,https://image.baidu.com/search/avatarjson?tn=baiduimage&ipn=r&ct=201326592&cl=2&lm=-1&st=-1&fm=result&fr=&sf=1&fmq=1488547724906_R&pv=&ic=0&nc=1&z=&se=1&showtab=0&fb=0&width=&height=&face=0&istype=2&ie=utf-8&ctd=1488547724907^00_1002X1024&rn=200&pn=0&word=animal/ff02f5ca0750dcedc7d8677f20825282fa2edf42.jpg,http://img.25pp.com/uploadfile/app/icon/20150819/1439940924794851.jpg
https://image.baidu.com/search/avatarjson?tn=baiduimage&ipn=r&ct=201326592&cl=2&lm=-1&st=-1&fm=result&fr=&sf=1&fmq=1488547724906_R&pv=&ic=0&nc=1&z=&se=1&showtab=0&fb=0&width=&height=&face=0&istype=2&ie=utf-8&ctd=1488547724907^00_1002X1024&rn=200&pn=0&word=animal,https://image.baidu.com/search/avatarjson?tn=baiduimage&ipn=r&ct=201326592&cl=2&lm=-1&st=-1&fm=result&fr=&sf=1&fmq=1488547724906_R&pv=&ic=0&nc=1&z=&se=1&showtab=0&fb=0&width=&height=&face=0&istype=2&ie=utf-8&ctd=1488547724907^00_1002X1024&rn=200&pn=0&word=animal/88890eb3bc8576df7f906cc668a9771c882cc87e.jpg,http://s9.sinaimg.cn/middle/63f86395gc0fe0bd78e38&690
https://image.baidu.com/search/avatarjson?tn=baiduimage&ipn=r&ct=201326592&cl=2&lm=-1&st=-1&fm=result&fr=&sf=1&fmq=1488547724906_R&pv=&ic=0&nc=1&z=&se=1&showtab=0&fb=0&width=&height=&face=0&istype=2&ie=utf-8&ctd=1488547724907^00_1002X1024&rn=200&pn=60&word=animal,https://image.baidu.com/search/avatarjson?tn=baiduimage&ipn=r&ct=201326592&cl=2&lm=-1&st=-1&fm=result&fr=&sf=1&fmq=1488547724906_R&pv=&ic=0&nc=1&z=&se=1&showtab=0&fb=0&width=&height=&face=0&istype=2&ie=utf-8&ctd=1488547724907^00_1002X1024&rn=200&pn=60&word=animal/42436e8d90f33366af6f997e3b7c90c7cb0d72d3.jpg,http://www.kfzimg.com/W03/74/de/74dee593d9caa7ee52ec4830ecffc0da_b.jpg
https://image.baidu.com/search/avatarjson?tn=baiduimage&ipn=r&ct=201326592&cl=2&lm=-1&st=-1&fm=result&fr=&sf=1&fmq=1488547724906_R&pv=&ic=0&nc=1&z=&se=1&showtab=0&fb=0&width=&height=&face=0&istype=2&ie=utf-8&ctd=1488547724907^00_1002X1024&rn=200&pn=60&word=animal,https://image.baidu.com/search/avatarjson?tn=baiduimage&ipn=r&ct=201326592&cl=2&lm=-1&st=-1&fm=result&fr=&sf=1&fmq=1488547724906_R&pv=&ic=0&nc=1&z=&se=1&showtab=0&fb=0&width=&height=&face=0&istype=2&ie=utf-8&ctd=1488547724907^00_1002X1024&rn=200&pn=60&word=animal/f59d9c07db5e055587d131fa161978d1f9440582.jpg,http://i2.hdslb.com/video/5c/5c2054808705b868f8788b8eaf6210e2.jpg
https://image.baidu.com/search/avatarjson?tn=baiduimage&ipn=r&ct=201326592&cl=2&lm=-1&st=-1&fm=result&fr=&sf=1&fmq=1488547724906_R&pv=&ic=0&nc=1&z=&se=1&showtab=0&fb=0&width=&height=&face=0&istype=2&ie=utf-8&ctd=1488547724907^00_1002X1024&rn=200&pn=60&word=animal,https://image.baidu.com/search/avatarjson?tn=baiduimage&ipn=r&ct=201326592&cl=2&lm=-1&st=-1&fm=result&fr=&sf=1&fmq=1488547724906_R&pv=&ic=0&nc=1&z=&se=1&showtab=0&fb=0&width=&height=&face=0&istype=2&ie=utf-8&ctd=1488547724907^00_1002X1024&rn=200&pn=60&word=animal/7eef150e72b4165ac844829527c13f5897f7af1e.jpg,http://android-artworks.25pp.com/fs08/2016/06/06/7/1_6ea874b925d7b992e17bb84ce620fe10_con.png
https://image.baidu.com/search/avatarjson?tn=baiduimage&ipn=r&ct=201326592&cl=2&lm=-1&st=-1&fm=result&fr=&sf=1&fmq=1488547724906_R&pv=&ic=0&nc=1&z=&se=1&showtab=0&fb=0&width=&height=&face=0&istype=2&ie=utf-8&ctd=1488547724907^00_1002X1024&rn=200&pn=60&word=animal,https://image.baidu.com/search/avatarjson?tn=baiduimage&ipn=r&ct=201326592&cl=2&lm=-1&st=-1&fm=result&fr=&sf=1&fmq=1488547724906_R&pv=&ic=0&nc=1&z=&se=1&showtab=0&fb=0&width=&height=&face=0&istype=2&ie=utf-8&ctd=1488547724907^00_1002X1024&rn=200&pn=60&word=animal/1388121201089124c858baed3fe337b36e5ffcba.jpg,http://img14.360buyimg.com/n0/jfs/t2242/335/197794547/24002/f6f66b1f/55f604a6Nf159414f.jpg
https://image.baidu.com/search/avatarjson?tn=baiduimage&ipn=r&ct=201326592&cl=2&lm=-1&st=-1&fm=result&fr=&sf=1&fmq=1488547724906_R&pv=&ic=0&nc=1&z=&se=1&showtab=0&fb=0&width=&height=&face=0&istype=2&ie=utf-8&ctd=1488547724907^00_1002X1024&rn=200&pn=0&word=animal,https://image.baidu.com/search/avatarjson?tn=baiduimage&ipn=r&ct=201326592&cl=2&lm=-1&st=-1&fm=result&fr=&sf=1&fmq=1488547724906_R&pv=&ic=0&nc=1&z=&se=1&showtab=0&fb=0&width=&height=&face=0&istype=2&ie=utf-8&ctd=1488547724907^00_1002X1024&rn=200&pn=0&word=animal/ab2fefcab07f73e08fcd2c1450e937e8de1f5a8c.jpg,http://rsc2.saatscommerce.com/img52138e4eaee2b_l.jpg
https://image.baidu.com/search/avatarjson?tn=baiduimage&ipn=r&ct=201326592&cl=2&lm=-1&st=-1&fm=result&fr=&sf=1&fmq=1488547724906_R&pv=&ic=0&nc=1&z=&se=1&showtab=0&fb=0&width=&height=&face=0&istype=2&ie=utf-8&ctd=1488547724907^00_1002X1024&rn=200&pn=60&word=animal,https://image.baidu.com/search/avatarjson?tn=baiduimage&ipn=r&ct=201326592&cl=2&lm=-1&st=-1&fm=result&fr=&sf=1&fmq=1488547724906_R&pv=&ic=0&nc=1&z=&se=1&showtab=0&fb=0&width=&height=&face=0&istype=2&ie=utf-8&ctd=1488547724907^00_1002X1024&rn=200&pn=60&word=animal/1aa1be7be28f2a4025ce9e02405d893e3b7e9be0.jpg,http://img.ithome.com/newsuploadfiles/2014/3/20140305_153414_292.jpg
https://image.baidu.com/search/avatarjson?tn=baiduimage&ipn=r&ct=201326592&cl=2&lm=-1&st=-1&fm=result&fr=&sf=1&fmq=1488547724906_R&pv=&ic=0&nc=1&z=&se=1&showtab=0&fb=0&width=&height=&face=0&istype=2&ie=utf-8&ctd=1488547724907^00_1002X1024&rn=200&pn=60&word=animal,https://image.baidu.com/search/avatarjson?tn=baiduimage&ipn=r&ct=201326592&cl=2&lm=-1&st=-1&fm=result&fr=&sf=1&fmq=1488547724906_R&pv=&ic=0&nc=1&z=&se=1&showtab=0&fb=0&width=&height=&face=0&istype=2&ie=utf-8&ctd=1488547724907^00_1002X1024&rn=200&pn=60&word=animal/c747bafa6d775197b195d4f52cc98e53a2ad85e6.jpg,http://img.zcool.cn/community/0117e255dd280c6ac7251df897d24e.jpg
https://image.baidu.com/search/avatarjson?tn=baiduimage&ipn=r&ct=201326592&cl=2&lm=-1&st=-1&fm=result&fr=&sf=1&fmq=1488547724906_R&pv=&ic=0&nc=1&z=&se=1&showtab=0&fb=0&width=&height=&face=0&istype=2&ie=utf-8&ctd=1488547724907^00_1002X1024&rn=200&pn=60&word=animal,https://image.baidu.com/search/avatarjson?tn=baiduimage&ipn=r&ct=201326592&cl=2&lm=-1&st=-1&fm=result&fr=&sf=1&fmq=1488547724906_R&pv=&ic=0&nc=1&z=&se=1&showtab=0&fb=0&width=&height=&face=0&istype=2&ie=utf-8&ctd=1488547724907^00_1002X1024&rn=200&pn=60&word=animal/9b19edd543e9d358fe588ce5a74062a8c6ef9530.jpg,http://image.made-in-china.com/4f0j00PedTHkjoEDzs/Wildlife-Oil-Painting-AOTR-003-Animal.jpg
https://image.baidu.com/search/avatarjson?tn=baiduimage&ipn=r&ct=201326592&cl=2&lm=-1&st=-1&fm=result&fr=&sf=1&fmq=1488547724906_R&pv=&ic=0&nc=1&z=&se=1&showtab=0&fb=0&width=&height=&face=0&istype=2&ie=utf-8&ctd=1488547724907^00_1002X1024&rn=200&pn=60&word=animal,https://image.baidu.com/search/avatarjson?tn=baiduimage&ipn=r&ct=201326592&cl=2&lm=-1&st=-1&fm=result&fr=&sf=1&fmq=1488547724906_R&pv=&ic=0&nc=1&z=&se=1&showtab=0&fb=0&width=&height=&face=0&istype=2&ie=utf-8&ctd=1488547724907^00_1002X1024&rn=200&pn=60&word=animal/29818dccaac2fb5f61d3ab9b51495309a02dfbfd.jpg,http://st-prod.b0.upaiyun.com/product/2015/08/20160702359.jpg
https://image.baidu.com/search/avatarjson?tn=baiduimage&ipn=r&ct=201326592&cl=2&lm=-1&st=-1&fm=result&fr=&sf=1&fmq=1488547724906_R&pv=&ic=0&nc=1&z=&se=1&showtab=0&fb=0&width=&height=&face=0&istype=2&ie=utf-8&ctd=1488547724907^00_1002X1024&rn=200&pn=60&word=animal,https://image.baidu.com/search/avatarjson?tn=baiduimage&ipn=r&ct=201326592&cl=2&lm=-1&st=-1&fm=result&fr=&sf=1&fmq=1488547724906_R&pv=&ic=0&nc=1&z=&se=1&showtab=0&fb=0&width=&height=&face=0&istype=2&ie=utf-8&ctd=1488547724907^00_1002X1024&rn=200&pn=60&word=animal/d657edba459f7aea3f5e0ef140a0c5f4ac9711af.jpg,http://img.frbiz.com/nimg/49/43/819c0fb085c25ae8fee86010d1bf-0x0-0/hansel_coin_operated_animal_ride_stuffed_animals_ride_on_animal_toy.jpg
https://image.baidu.com/search/avatarjson?tn=baiduimage&ipn=r&ct=201326592&cl=2&lm=-1&st=-1&fm=result&fr=&sf=1&fmq=1488547724906_R&pv=&ic=0&nc=1&z=&se=1&showtab=0&fb=0&width=&height=&face=0&istype=2&ie=utf-8&ctd=1488547724907^00_1002X1024&rn=200&pn=60&word=animal,https://image.baidu.com/search/avatarjson?tn=baiduimage&ipn=r&ct=201326592&cl=2&lm=-1&st=-1&fm=result&fr=&sf=1&fmq=1488547724906_R&pv=&ic=0&nc=1&z=&se=1&showtab=0&fb=0&width=&height=&face=0&istype=2&ie=utf-8&ctd=1488547724907^00_1002X1024&rn=200&pn=60&word=animal/a51bb3cdfc6812938b698283839ee7943e89425b.jpg,http://img4.freemerce.com/61x4l3e.jpg
https://image.baidu.com/search/avatarjson?tn=baiduimage&ipn=r&ct=201326592&cl=2&lm=-1&st=-1&fm=result&fr=&sf=1&fmq=1488547724906_R&pv=&ic=0&nc=1&z=&se=1&showtab=0&fb=0&width=&height=&face=0&istype=2&ie=utf-8&ctd=1488547724907^00_1002X1024&rn=200&pn=60&word=animal,https://image.baidu.com/search/avatarjson?tn=baiduimage&ipn=r&ct=201326592&cl=2&lm=-1&st=-1&fm=result&fr=&sf=1&fmq=1488547724906_R&pv=&ic=0&nc=1&z=&se=1&showtab=0&fb=0&width=&height=&face=0&istype=2&ie=utf-8&ctd=1488547724907^00_1002X1024&rn=200&pn=60&word=animal/b6a5a79d458fcfd775f05992fe3c67313e62ff57.jpg,http://src.onlinedown.net/images/h_iphone_imges/tushu/3tpw2sldeux.jpg
https://image.baidu.com/search/avatarjson?tn=baiduimage&ipn=r&ct=201326592&cl=2&lm=-1&st=-1&fm=result&fr=&sf=1&fmq=1488547724906_R&pv=&ic=0&nc=1&z=&se=1&showtab=0&fb=0&width=&height=&face=0&istype=2&ie=utf-8&ctd=1488547724907^00_1002X1024&rn=200&pn=60&word=animal,https://image.baidu.com/search/avatarjson?tn=baiduimage&ipn=r&ct=201326592&cl=2&lm=-1&st=-1&fm=result&fr=&sf=1&fmq=1488547724906_R&pv=&ic=0&nc=1&z=&se=1&showtab=0&fb=0&width=&height=&face=0&istype=2&ie=utf-8&ctd=1488547724907^00_1002X1024&rn=200&pn=60&word=animal/bdb37b4ec1159096c8992f561a0a1fed28923947.jpg,http://images4.c-ctrip.com/target/hotel/77000/76148/0999588F-8BDA-4862-99ED-934E06474D3E_550_412.jpg
https://image.baidu.com/search/avatarjson?tn=baiduimage&ipn=r&ct=201326592&cl=2&lm=-1&st=-1&fm=result&fr=&sf=1&fmq=1488547724906_R&pv=&ic=0&nc=1&z=&se=1&showtab=0&fb=0&width=&height=&face=0&istype=2&ie=utf-8&ctd=1488547724907^00_1002X1024&rn=200&pn=60&word=animal,https://image.baidu.com/search/avatarjson?tn=baiduimage&ipn=r&ct=201326592&cl=2&lm=-1&st=-1&fm=result&fr=&sf=1&fmq=1488547724906_R&pv=&ic=0&nc=1&z=&se=1&showtab=0&fb=0&width=&height=&face=0&istype=2&ie=utf-8&ctd=1488547724907^00_1002X1024&rn=200&pn=60&word=animal/a176c94bcd8dbfeb4bb8f0f380335dcd30d34d41.jpg,http://s1.trueart.com/20150522/182359179.jpg
https://image.baidu.com/search/avatarjson?tn=baiduimage&ipn=r&ct=201326592&cl=2&lm=-1&st=-1&fm=result&fr=&sf=1&fmq=1488547724906_R&pv=&ic=0&nc=1&z=&se=1&showtab=0&fb=0&width=&height=&face=0&istype=2&ie=utf-8&ctd=1488547724907^00_1002X1024&rn=200&pn=60&word=animal,https://image.baidu.com/search/avatarjson?tn=baiduimage&ipn=r&ct=201326592&cl=2&lm=-1&st=-1&fm=result&fr=&sf=1&fmq=1488547724906_R&pv=&ic=0&nc=1&z=&se=1&showtab=0&fb=0&width=&height=&face=0&istype=2&ie=utf-8&ctd=1488547724907^00_1002X1024&rn=200&pn=60&word=animal/87f35aaf8bdca0d276846d513b39e1e05402b948.jpg,http://a4.mzstatic.com/us/r30/Purple/v4/01/1d/04/011d04f1-19af-784c-4e80-8cf5339541f9/screen1536x2008.jpeg
https://image.baidu.com/search/avatarjson?tn=baiduimage&ipn=r&ct=201326592&cl=2&lm=-1&st=-1&fm=result&fr=&sf=1&fmq=1488547724906_R&pv=&ic=0&nc=1&z=&se=1&showtab=0&fb=0&width=&height=&face=0&istype=2&ie=utf-8&ctd=1488547724907^00_1002X1024&rn=200&pn=60&word=animal,https://image.baidu.com/search/avatarjson?tn=baiduimage&ipn=r&ct=201326592&cl=2&lm=-1&st=-1&fm=result&fr=&sf=1&fmq=1488547724906_R&pv=&ic=0&nc=1&z=&se=1&showtab=0&fb=0&width=&height=&face=0&istype=2&ie=utf-8&ctd=1488547724907^00_1002X1024&rn=200&pn=60&word=animal/86fdfe9ef42f85d7a5f557976d7ccc04e40dfcfa.jpg,http://p7.qhimg.com/t01cd04e02dd3df408f.png
https://image.baidu.com/search/avatarjson?tn=baiduimage&ipn=r&ct=201326592&cl=2&lm=-1&st=-1&fm=result&fr=&sf=1&fmq=1488547724906_R&pv=&ic=0&nc=1&z=&se=1&showtab=0&fb=0&width=&height=&face=0&istype=2&ie=utf-8&ctd=1488547724907^00_1002X1024&rn=200&pn=60&word=animal,https://image.baidu.com/search/avatarjson?tn=baiduimage&ipn=r&ct=201326592&cl=2&lm=-1&st=-1&fm=result&fr=&sf=1&fmq=1488547724906_R&pv=&ic=0&nc=1&z=&se=1&showtab=0&fb=0&width=&height=&face=0&istype=2&ie=utf-8&ctd=1488547724907^00_1002X1024&rn=200&pn=60&word=animal/8a0f207aafebe2eff8d515a8c0f156a6fe97a348.jpg,http://img.52z.com/upload/201403/31/1396246957315588.jpg
https://image.baidu.com/search/avatarjson?tn=baiduimage&ipn=r&ct=201326592&cl=2&lm=-1&st=-1&fm=result&fr=&sf=1&fmq=1488547724906_R&pv=&ic=0&nc=1&z=&se=1&showtab=0&fb=0&width=&height=&face=0&istype=2&ie=utf-8&ctd=1488547724907^00_1002X1024&rn=200&pn=60&word=animal,https://image.baidu.com/search/avatarjson?tn=baiduimage&ipn=r&ct=201326592&cl=2&lm=-1&st=-1&fm=result&fr=&sf=1&fmq=1488547724906_R&pv=&ic=0&nc=1&z=&se=1&showtab=0&fb=0&width=&height=&face=0&istype=2&ie=utf-8&ctd=1488547724907^00_1002X1024&rn=200&pn=60&word=animal/c7b9cf887cfce8f5119b4708ef0db463296e6b35.jpg,http://www.shiyi910.com/UploadFiles/2014-09/170/2014092123214547581.jpg
https://image.baidu.com/search/avatarjson?tn=baiduimage&ipn=r&ct=201326592&cl=2&lm=-1&st=-1&fm=result&fr=&sf=1&fmq=1488547724906_R&pv=&ic=0&nc=1&z=&se=1&showtab=0&fb=0&width=&height=&face=0&istype=2&ie=utf-8&ctd=1488547724907^00_1002X1024&rn=200&pn=60&word=animal,https://image.baidu.com/search/avatarjson?tn=baiduimage&ipn=r&ct=201326592&cl=2&lm=-1&st=-1&fm=result&fr=&sf=1&fmq=1488547724906_R&pv=&ic=0&nc=1&z=&se=1&showtab=0&fb=0&width=&height=&face=0&istype=2&ie=utf-8&ctd=1488547724907^00_1002X1024&rn=200&pn=60&word=animal/bd53818db494807036d9260725254f96961d51ec.jpg,http://upload.ecvv.com/upload/Product/200801/C200761222231677365_Tiger.jpg
https://image.baidu.com/search/avatarjson?tn=baiduimage&ipn=r&ct=201326592&cl=2&lm=-1&st=-1&fm=result&fr=&sf=1&fmq=1488547724906_R&pv=&ic=0&nc=1&z=&se=1&showtab=0&fb=0&width=&height=&face=0&istype=2&ie=utf-8&ctd=1488547724907^00_1002X1024&rn=200&pn=60&word=animal,https://image.baidu.com/search/avatarjson?tn=baiduimage&ipn=r&ct=201326592&cl=2&lm=-1&st=-1&fm=result&fr=&sf=1&fmq=1488547724906_R&pv=&ic=0&nc=1&z=&se=1&showtab=0&fb=0&width=&height=&face=0&istype=2&ie=utf-8&ctd=1488547724907^00_1002X1024&rn=200&pn=60&word=animal/2a5e038f54b07bb38ec9ed188b5a27f51f39d6e8.jpg,http://s1.sinaimg.cn/mw690/552ed334gd4037dc1d980&690
https://image.baidu.com/search/avatarjson?tn=baiduimage&ipn=r&ct=201326592&cl=2&lm=-1&st=-1&fm=result&fr=&sf=1&fmq=1488547724906_R&pv=&ic=0&nc=1&z=&se=1&showtab=0&fb=0&width=&height=&face=0&istype=2&ie=utf-8&ctd=1488547724907^00_1002X1024&rn=200&pn=0&word=animal,https://image.baidu.com/search/avatarjson?tn=baiduimage&ipn=r&ct=201326592&cl=2&lm=-1&st=-1&fm=result&fr=&sf=1&fmq=1488547724906_R&pv=&ic=0&nc=1&z=&se=1&showtab=0&fb=0&width=&height=&face=0&istype=2&ie=utf-8&ctd=1488547724907^00_1002X1024&rn=200&pn=0&word=animal/8235bc0bed83fe518e88019f6fe829df40010e8b.jpg,http://www.toysandco.com/media/products/large/GZH12013-L.jpg
https://image.baidu.com/search/avatarjson?tn=baiduimage&ipn=r&ct=201326592&cl=2&lm=-1&st=-1&fm=result&fr=&sf=1&fmq=1488547724906_R&pv=&ic=0&nc=1&z=&se=1&showtab=0&fb=0&width=&height=&face=0&istype=2&ie=utf-8&ctd=1488547724907^00_1002X1024&rn=200&pn=60&word=animal,https://image.baidu.com/search/avatarjson?tn=baiduimage&ipn=r&ct=201326592&cl=2&lm=-1&st=-1&fm=result&fr=&sf=1&fmq=1488547724906_R&pv=&ic=0&nc=1&z=&se=1&showtab=0&fb=0&width=&height=&face=0&istype=2&ie=utf-8&ctd=1488547724907^00_1002X1024&rn=200&pn=60&word=animal/dc7ab1b3730960c0452ca0961a9967866bd529bc.jpg,http://image.tianjimedia.com/uploadImages/adi2/image/1489/2013/117/CLY56066K2EQ.jpg
https://image.baidu.com/search/avatarjson?tn=baiduimage&ipn=r&ct=201326592&cl=2&lm=-1&st=-1&fm=result&fr=&sf=1&fmq=1488547724906_R&pv=&ic=0&nc=1&z=&se=1&showtab=0&fb=0&width=&height=&face=0&istype=2&ie=utf-8&ctd=1488547724907^00_1002X1024&rn=200&pn=60&word=animal,https://image.baidu.com/search/avatarjson?tn=baiduimage&ipn=r&ct=201326592&cl=2&lm=-1&st=-1&fm=result&fr=&sf=1&fmq=1488547724906_R&pv=&ic=0&nc=1&z=&se=1&showtab=0&fb=0&width=&height=&face=0&istype=2&ie=utf-8&ctd=1488547724907^00_1002X1024&rn=200&pn=60&word=animal/c817396c783c135485cef62c989c9fd6ee489ace.jpg,http://img4.gao7.com/files/appleimage/562/5622C3F3-B135-466E-A2BC-EAD763C39A26.png?downloadKey=1428352960_de33af10f730acd517a2d42d0b05636d
